{"feature_scaler": {"mean": [72.48167518200276, 704.4894962848249, 0.4751697251814443, 30.166978535274076, -975.7930133704336, 1560.883579185931, -14.858059305956965, 16.840625], "scale": [29.335156981335786, 309.89050437871225, 0.7253358921152541, 83.3026965732663, 2497.8692078178724, 1505.2646946882185, 48.07110980491257, 4.131007699021511]}, "label_scaler": {"mean": [3.465484375, 3.7300703124999997], "scale": [2.0088783989158876, 1.9793196616972086]}}